Model No,Price
CAM-/SOL-FI,1228
CAM/SOL-HO/PSS,1086
CAM-GUD/18-5/N,2286
CAM-HO-AMZ/170,3669
CAM-HO-AMZ-20/170,3669
CAM-HO-CT/170,3669
CAM-HO-F/OE,3866
FA-HY02/CRT20,1546
OH-HY0-EN/SPK,663
CAM-HY-CRT/170,3669
CAM-HY-CRT-20/170,3669
CAM-HY-ST/170,3669
FA-KUV1OO,690
FA-MA02/MRZ,1052
CAM-BZ-F/OE,2499
FS-RT02/DTR/9,1793
FA-RT02/DTRN/9,1412
CAM-VW-PL/170,3699
CAM-SK-VT/RP/170,4499.244608
CAM-SK-SPB/170,3699
FA-SZ03/800/9,1437
FA-SZ03/800,2538
CAM-SZ-SEB/170,3699
CAM-SZ-DZ,2399
CAM-SZ-DZ/170,3699
FA-TA02/INC,414
FA-TA02/ARY,2402
CAM-TY-ALT/170,3699
CAM-TY-INV/170,3699
CAM-TY-CRS/170,3699
CAM/SOL-TO-INV/LTD,2899
CAM/SOL-HY/ST-21/SP,850
CAM-HY/VEN/360,3221
CAM-HO-PSS-21/360,2301
CAM-18-5/N,1873
FA-FO02/FGO/9,1241
INT/AD-RN/DU-N,2016
INT/AD-HO/AL-3,1850
INT/AD-HO/AMZ-3,1850
INT/AD-NS/MGT,3099
INT/AD-MH/TH21,4890
